id,world,world_name,slot,phase,primary_hazard,system_focus,team_size,objective,tactical_twist,encounter_brief,status
M001,W01,Harbor District,1,introduction,blocked streets and simple extraction,path clearance,2,evacuate civilians,shared resource,"Harbor District: evacuate civilians with shared resource; teach or test path clearance, triage.",design_brief_only
M002,W01,Harbor District,2,introduction,blocked streets and simple extraction,path clearance,2,stabilize and transport,responder fatigue,"Harbor District: stabilize and transport with responder fatigue; teach or test path clearance, triage.",design_brief_only
M003,W01,Harbor District,3,introduction,blocked streets and simple extraction,path clearance,2,open a safe route,delayed hazard,"Harbor District: open a safe route with delayed hazard; teach or test path clearance, triage.",design_brief_only
M004,W01,Harbor District,4,introduction,blocked streets and simple extraction,path clearance,2,contain a spreading hazard,changing wind,"Harbor District: contain a spreading hazard with changing wind; teach or test path clearance, triage.",design_brief_only
M005,W01,Harbor District,5,practice,blocked streets and simple extraction,path clearance,2,deliver essential supplies,limited equipment,"Harbor District: deliver essential supplies with limited equipment; teach or test path clearance, triage.",design_brief_only
M006,W01,Harbor District,6,practice,blocked streets and simple extraction,path clearance,2,inspect and then respond,uncertain visibility,"Harbor District: inspect and then respond with uncertain visibility; teach or test path clearance, triage.",design_brief_only
M007,W01,Harbor District,7,practice,blocked streets and simple extraction,path clearance,2,restore access to a shelter,split start positions,"Harbor District: restore access to a shelter with split start positions; teach or test path clearance, triage.",design_brief_only
M008,W01,Harbor District,8,practice,blocked streets and simple extraction,path clearance,2,coordinate two dependent teams,two viable routes,"Harbor District: coordinate two dependent teams with two viable routes; teach or test path clearance, triage.",design_brief_only
M009,W01,Harbor District,9,practice,blocked streets and simple extraction,path clearance,2,protect a critical corridor,blocked junction,"Harbor District: protect a critical corridor with blocked junction; teach or test path clearance, triage.",design_brief_only
M010,W01,Harbor District,10,practice,blocked streets and simple extraction,path clearance,2,resolve simultaneous calls,branching access,"Harbor District: resolve simultaneous calls with branching access; teach or test path clearance, triage.",design_brief_only
M011,W01,Harbor District,11,synergy,blocked streets and simple extraction,path clearance,3,evacuate civilians + contain a spreading hazard,timed shelter capacity,"Harbor District: evacuate civilians and contain a spreading hazard with timed shelter capacity; teach or test path clearance, triage.",design_brief_only
M012,W01,Harbor District,12,synergy,blocked streets and simple extraction,path clearance,3,stabilize and transport + inspect and then respond,one constrained vehicle,"Harbor District: stabilize and transport and inspect and then respond with one constrained vehicle; teach or test path clearance, triage.",design_brief_only
M013,W01,Harbor District,13,synergy,blocked streets and simple extraction,path clearance,3,open a safe route + coordinate two dependent teams,shared resource,"Harbor District: open a safe route and coordinate two dependent teams with shared resource; teach or test path clearance, triage.",design_brief_only
M014,W01,Harbor District,14,synergy,blocked streets and simple extraction,path clearance,3,contain a spreading hazard + resolve simultaneous calls,responder fatigue,"Harbor District: contain a spreading hazard and resolve simultaneous calls with responder fatigue; teach or test path clearance, triage.",design_brief_only
M015,W01,Harbor District,15,synergy,blocked streets and simple extraction,path clearance,3,deliver essential supplies + stabilize and transport,delayed hazard,"Harbor District: deliver essential supplies and stabilize and transport with delayed hazard; teach or test path clearance, triage.",design_brief_only
M016,W01,Harbor District,16,synergy,blocked streets and simple extraction,triage,3,inspect and then respond + contain a spreading hazard,changing wind,"Harbor District: inspect and then respond and contain a spreading hazard with changing wind; teach or test path clearance, triage.",design_brief_only
M017,W01,Harbor District,17,synergy,blocked streets and simple extraction,triage,3,restore access to a shelter + inspect and then respond,limited equipment,"Harbor District: restore access to a shelter and inspect and then respond with limited equipment; teach or test path clearance, triage.",design_brief_only
M018,W01,Harbor District,18,synergy,blocked streets and simple extraction,triage,3,coordinate two dependent teams + coordinate two dependent teams,uncertain visibility,"Harbor District: coordinate two dependent teams and coordinate two dependent teams with uncertain visibility; teach or test path clearance, triage.",design_brief_only
M019,W01,Harbor District,19,synergy,blocked streets and simple extraction,triage,3,protect a critical corridor + resolve simultaneous calls,split start positions,"Harbor District: protect a critical corridor and resolve simultaneous calls with split start positions; teach or test path clearance, triage.",design_brief_only
M020,W01,Harbor District,20,synergy,blocked streets and simple extraction,triage,3,resolve simultaneous calls + stabilize and transport,two viable routes,"Harbor District: resolve simultaneous calls and stabilize and transport with two viable routes; teach or test path clearance, triage.",design_brief_only
M021,W01,Harbor District,21,advanced,blocked streets and simple extraction,triage,4,evacuate civilians + contain a spreading hazard,blocked junction,"Harbor District: evacuate civilians and contain a spreading hazard with blocked junction; teach or test path clearance, triage.",design_brief_only
M022,W01,Harbor District,22,advanced,blocked streets and simple extraction,triage,4,stabilize and transport + inspect and then respond,branching access,"Harbor District: stabilize and transport and inspect and then respond with branching access; teach or test path clearance, triage.",design_brief_only
M023,W01,Harbor District,23,advanced,blocked streets and simple extraction,triage,4,open a safe route + coordinate two dependent teams,timed shelter capacity,"Harbor District: open a safe route and coordinate two dependent teams with timed shelter capacity; teach or test path clearance, triage.",design_brief_only
M024,W01,Harbor District,24,advanced,blocked streets and simple extraction,triage,4,contain a spreading hazard + resolve simultaneous calls,one constrained vehicle,"Harbor District: contain a spreading hazard and resolve simultaneous calls with one constrained vehicle; teach or test path clearance, triage.",design_brief_only
M025,W01,Harbor District,25,advanced,blocked streets and simple extraction,triage,4,deliver essential supplies + stabilize and transport,shared resource,"Harbor District: deliver essential supplies and stabilize and transport with shared resource; teach or test path clearance, triage.",design_brief_only
M026,W01,Harbor District,26,advanced,blocked streets and simple extraction,triage,4,inspect and then respond + contain a spreading hazard,responder fatigue,"Harbor District: inspect and then respond and contain a spreading hazard with responder fatigue; teach or test path clearance, triage.",design_brief_only
M027,W01,Harbor District,27,advanced,blocked streets and simple extraction,triage,4,restore access to a shelter + inspect and then respond,delayed hazard,"Harbor District: restore access to a shelter and inspect and then respond with delayed hazard; teach or test path clearance, triage.",design_brief_only
M028,W01,Harbor District,28,advanced,blocked streets and simple extraction,triage,4,coordinate two dependent teams + coordinate two dependent teams,changing wind,"Harbor District: coordinate two dependent teams and coordinate two dependent teams with changing wind; teach or test path clearance, triage.",design_brief_only
M029,W01,Harbor District,29,advanced,blocked streets and simple extraction,triage,4,protect a critical corridor + resolve simultaneous calls,limited equipment,"Harbor District: protect a critical corridor and resolve simultaneous calls with limited equipment; teach or test path clearance, triage.",design_brief_only
M030,W01,Harbor District,30,district_finale,blocked streets and simple extraction,triage,4,resolve simultaneous calls + stabilize and transport,uncertain visibility,"Harbor District: resolve simultaneous calls and stabilize and transport with uncertain visibility; teach or test path clearance, triage.",design_brief_only
M031,W02,Old Town,1,introduction,smoke and narrow approaches,route opening,2,stabilize and transport,uncertain visibility,"Old Town: stabilize and transport with uncertain visibility; teach or test route opening, visibility.",design_brief_only
M032,W02,Old Town,2,introduction,smoke and narrow approaches,route opening,2,open a safe route,split start positions,"Old Town: open a safe route with split start positions; teach or test route opening, visibility.",design_brief_only
M033,W02,Old Town,3,introduction,smoke and narrow approaches,route opening,2,contain a spreading hazard,two viable routes,"Old Town: contain a spreading hazard with two viable routes; teach or test route opening, visibility.",design_brief_only
M034,W02,Old Town,4,introduction,smoke and narrow approaches,route opening,2,deliver essential supplies,blocked junction,"Old Town: deliver essential supplies with blocked junction; teach or test route opening, visibility.",design_brief_only
M035,W02,Old Town,5,practice,smoke and narrow approaches,route opening,2,inspect and then respond,branching access,"Old Town: inspect and then respond with branching access; teach or test route opening, visibility.",design_brief_only
M036,W02,Old Town,6,practice,smoke and narrow approaches,route opening,2,restore access to a shelter,timed shelter capacity,"Old Town: restore access to a shelter with timed shelter capacity; teach or test route opening, visibility.",design_brief_only
M037,W02,Old Town,7,practice,smoke and narrow approaches,route opening,2,coordinate two dependent teams,one constrained vehicle,"Old Town: coordinate two dependent teams with one constrained vehicle; teach or test route opening, visibility.",design_brief_only
M038,W02,Old Town,8,practice,smoke and narrow approaches,route opening,2,protect a critical corridor,shared resource,"Old Town: protect a critical corridor with shared resource; teach or test route opening, visibility.",design_brief_only
M039,W02,Old Town,9,practice,smoke and narrow approaches,route opening,2,resolve simultaneous calls,responder fatigue,"Old Town: resolve simultaneous calls with responder fatigue; teach or test route opening, visibility.",design_brief_only
M040,W02,Old Town,10,practice,smoke and narrow approaches,route opening,2,evacuate civilians,delayed hazard,"Old Town: evacuate civilians with delayed hazard; teach or test route opening, visibility.",design_brief_only
M041,W02,Old Town,11,synergy,smoke and narrow approaches,route opening,3,stabilize and transport + deliver essential supplies,changing wind,"Old Town: stabilize and transport and deliver essential supplies with changing wind; teach or test route opening, visibility.",design_brief_only
M042,W02,Old Town,12,synergy,smoke and narrow approaches,route opening,3,open a safe route + restore access to a shelter,limited equipment,"Old Town: open a safe route and restore access to a shelter with limited equipment; teach or test route opening, visibility.",design_brief_only
M043,W02,Old Town,13,synergy,smoke and narrow approaches,route opening,3,contain a spreading hazard + protect a critical corridor,uncertain visibility,"Old Town: contain a spreading hazard and protect a critical corridor with uncertain visibility; teach or test route opening, visibility.",design_brief_only
M044,W02,Old Town,14,synergy,smoke and narrow approaches,route opening,3,deliver essential supplies + evacuate civilians,split start positions,"Old Town: deliver essential supplies and evacuate civilians with split start positions; teach or test route opening, visibility.",design_brief_only
M045,W02,Old Town,15,synergy,smoke and narrow approaches,route opening,3,inspect and then respond + open a safe route,two viable routes,"Old Town: inspect and then respond and open a safe route with two viable routes; teach or test route opening, visibility.",design_brief_only
M046,W02,Old Town,16,synergy,smoke and narrow approaches,visibility,3,restore access to a shelter + deliver essential supplies,blocked junction,"Old Town: restore access to a shelter and deliver essential supplies with blocked junction; teach or test route opening, visibility.",design_brief_only
M047,W02,Old Town,17,synergy,smoke and narrow approaches,visibility,3,coordinate two dependent teams + restore access to a shelter,branching access,"Old Town: coordinate two dependent teams and restore access to a shelter with branching access; teach or test route opening, visibility.",design_brief_only
M048,W02,Old Town,18,synergy,smoke and narrow approaches,visibility,3,protect a critical corridor + protect a critical corridor,timed shelter capacity,"Old Town: protect a critical corridor and protect a critical corridor with timed shelter capacity; teach or test route opening, visibility.",design_brief_only
M049,W02,Old Town,19,synergy,smoke and narrow approaches,visibility,3,resolve simultaneous calls + evacuate civilians,one constrained vehicle,"Old Town: resolve simultaneous calls and evacuate civilians with one constrained vehicle; teach or test route opening, visibility.",design_brief_only
M050,W02,Old Town,20,synergy,smoke and narrow approaches,visibility,3,evacuate civilians + open a safe route,shared resource,"Old Town: evacuate civilians and open a safe route with shared resource; teach or test route opening, visibility.",design_brief_only
M051,W02,Old Town,21,advanced,smoke and narrow approaches,visibility,4,stabilize and transport + deliver essential supplies,responder fatigue,"Old Town: stabilize and transport and deliver essential supplies with responder fatigue; teach or test route opening, visibility.",design_brief_only
M052,W02,Old Town,22,advanced,smoke and narrow approaches,visibility,4,open a safe route + restore access to a shelter,delayed hazard,"Old Town: open a safe route and restore access to a shelter with delayed hazard; teach or test route opening, visibility.",design_brief_only
M053,W02,Old Town,23,advanced,smoke and narrow approaches,visibility,4,contain a spreading hazard + protect a critical corridor,changing wind,"Old Town: contain a spreading hazard and protect a critical corridor with changing wind; teach or test route opening, visibility.",design_brief_only
M054,W02,Old Town,24,advanced,smoke and narrow approaches,visibility,4,deliver essential supplies + evacuate civilians,limited equipment,"Old Town: deliver essential supplies and evacuate civilians with limited equipment; teach or test route opening, visibility.",design_brief_only
M055,W02,Old Town,25,advanced,smoke and narrow approaches,visibility,4,inspect and then respond + open a safe route,uncertain visibility,"Old Town: inspect and then respond and open a safe route with uncertain visibility; teach or test route opening, visibility.",design_brief_only
M056,W02,Old Town,26,advanced,smoke and narrow approaches,visibility,4,restore access to a shelter + deliver essential supplies,split start positions,"Old Town: restore access to a shelter and deliver essential supplies with split start positions; teach or test route opening, visibility.",design_brief_only
M057,W02,Old Town,27,advanced,smoke and narrow approaches,visibility,4,coordinate two dependent teams + restore access to a shelter,two viable routes,"Old Town: coordinate two dependent teams and restore access to a shelter with two viable routes; teach or test route opening, visibility.",design_brief_only
M058,W02,Old Town,28,advanced,smoke and narrow approaches,visibility,4,protect a critical corridor + protect a critical corridor,blocked junction,"Old Town: protect a critical corridor and protect a critical corridor with blocked junction; teach or test route opening, visibility.",design_brief_only
M059,W02,Old Town,29,advanced,smoke and narrow approaches,visibility,4,resolve simultaneous calls + evacuate civilians,branching access,"Old Town: resolve simultaneous calls and evacuate civilians with branching access; teach or test route opening, visibility.",design_brief_only
M060,W02,Old Town,30,district_finale,smoke and narrow approaches,visibility,4,evacuate civilians + open a safe route,timed shelter capacity,"Old Town: evacuate civilians and open a safe route with timed shelter capacity; teach or test route opening, visibility.",design_brief_only
M061,W03,Riverside,1,introduction,rising water and boat access,water routes,2,open a safe route,timed shelter capacity,"Riverside: open a safe route with timed shelter capacity; teach or test water routes, capacity.",design_brief_only
M062,W03,Riverside,2,introduction,rising water and boat access,water routes,2,contain a spreading hazard,one constrained vehicle,"Riverside: contain a spreading hazard with one constrained vehicle; teach or test water routes, capacity.",design_brief_only
M063,W03,Riverside,3,introduction,rising water and boat access,water routes,2,deliver essential supplies,shared resource,"Riverside: deliver essential supplies with shared resource; teach or test water routes, capacity.",design_brief_only
M064,W03,Riverside,4,introduction,rising water and boat access,water routes,2,inspect and then respond,responder fatigue,"Riverside: inspect and then respond with responder fatigue; teach or test water routes, capacity.",design_brief_only
M065,W03,Riverside,5,practice,rising water and boat access,water routes,2,restore access to a shelter,delayed hazard,"Riverside: restore access to a shelter with delayed hazard; teach or test water routes, capacity.",design_brief_only
M066,W03,Riverside,6,practice,rising water and boat access,water routes,2,coordinate two dependent teams,changing wind,"Riverside: coordinate two dependent teams with changing wind; teach or test water routes, capacity.",design_brief_only
M067,W03,Riverside,7,practice,rising water and boat access,water routes,2,protect a critical corridor,limited equipment,"Riverside: protect a critical corridor with limited equipment; teach or test water routes, capacity.",design_brief_only
M068,W03,Riverside,8,practice,rising water and boat access,water routes,2,resolve simultaneous calls,uncertain visibility,"Riverside: resolve simultaneous calls with uncertain visibility; teach or test water routes, capacity.",design_brief_only
M069,W03,Riverside,9,practice,rising water and boat access,water routes,2,evacuate civilians,split start positions,"Riverside: evacuate civilians with split start positions; teach or test water routes, capacity.",design_brief_only
M070,W03,Riverside,10,practice,rising water and boat access,water routes,2,stabilize and transport,two viable routes,"Riverside: stabilize and transport with two viable routes; teach or test water routes, capacity.",design_brief_only
M071,W03,Riverside,11,synergy,rising water and boat access,water routes,3,open a safe route + inspect and then respond,blocked junction,"Riverside: open a safe route and inspect and then respond with blocked junction; teach or test water routes, capacity.",design_brief_only
M072,W03,Riverside,12,synergy,rising water and boat access,water routes,3,contain a spreading hazard + coordinate two dependent teams,branching access,"Riverside: contain a spreading hazard and coordinate two dependent teams with branching access; teach or test water routes, capacity.",design_brief_only
M073,W03,Riverside,13,synergy,rising water and boat access,water routes,3,deliver essential supplies + resolve simultaneous calls,timed shelter capacity,"Riverside: deliver essential supplies and resolve simultaneous calls with timed shelter capacity; teach or test water routes, capacity.",design_brief_only
M074,W03,Riverside,14,synergy,rising water and boat access,water routes,3,inspect and then respond + stabilize and transport,one constrained vehicle,"Riverside: inspect and then respond and stabilize and transport with one constrained vehicle; teach or test water routes, capacity.",design_brief_only
M075,W03,Riverside,15,synergy,rising water and boat access,water routes,3,restore access to a shelter + contain a spreading hazard,shared resource,"Riverside: restore access to a shelter and contain a spreading hazard with shared resource; teach or test water routes, capacity.",design_brief_only
M076,W03,Riverside,16,synergy,rising water and boat access,capacity,3,coordinate two dependent teams + inspect and then respond,responder fatigue,"Riverside: coordinate two dependent teams and inspect and then respond with responder fatigue; teach or test water routes, capacity.",design_brief_only
M077,W03,Riverside,17,synergy,rising water and boat access,capacity,3,protect a critical corridor + coordinate two dependent teams,delayed hazard,"Riverside: protect a critical corridor and coordinate two dependent teams with delayed hazard; teach or test water routes, capacity.",design_brief_only
M078,W03,Riverside,18,synergy,rising water and boat access,capacity,3,resolve simultaneous calls + resolve simultaneous calls,changing wind,"Riverside: resolve simultaneous calls and resolve simultaneous calls with changing wind; teach or test water routes, capacity.",design_brief_only
M079,W03,Riverside,19,synergy,rising water and boat access,capacity,3,evacuate civilians + stabilize and transport,limited equipment,"Riverside: evacuate civilians and stabilize and transport with limited equipment; teach or test water routes, capacity.",design_brief_only
M080,W03,Riverside,20,synergy,rising water and boat access,capacity,3,stabilize and transport + contain a spreading hazard,uncertain visibility,"Riverside: stabilize and transport and contain a spreading hazard with uncertain visibility; teach or test water routes, capacity.",design_brief_only
M081,W03,Riverside,21,advanced,rising water and boat access,capacity,4,open a safe route + inspect and then respond,split start positions,"Riverside: open a safe route and inspect and then respond with split start positions; teach or test water routes, capacity.",design_brief_only
M082,W03,Riverside,22,advanced,rising water and boat access,capacity,4,contain a spreading hazard + coordinate two dependent teams,two viable routes,"Riverside: contain a spreading hazard and coordinate two dependent teams with two viable routes; teach or test water routes, capacity.",design_brief_only
M083,W03,Riverside,23,advanced,rising water and boat access,capacity,4,deliver essential supplies + resolve simultaneous calls,blocked junction,"Riverside: deliver essential supplies and resolve simultaneous calls with blocked junction; teach or test water routes, capacity.",design_brief_only
M084,W03,Riverside,24,advanced,rising water and boat access,capacity,4,inspect and then respond + stabilize and transport,branching access,"Riverside: inspect and then respond and stabilize and transport with branching access; teach or test water routes, capacity.",design_brief_only
M085,W03,Riverside,25,advanced,rising water and boat access,capacity,4,restore access to a shelter + contain a spreading hazard,timed shelter capacity,"Riverside: restore access to a shelter and contain a spreading hazard with timed shelter capacity; teach or test water routes, capacity.",design_brief_only
M086,W03,Riverside,26,advanced,rising water and boat access,capacity,4,coordinate two dependent teams + inspect and then respond,one constrained vehicle,"Riverside: coordinate two dependent teams and inspect and then respond with one constrained vehicle; teach or test water routes, capacity.",design_brief_only
M087,W03,Riverside,27,advanced,rising water and boat access,capacity,4,protect a critical corridor + coordinate two dependent teams,shared resource,"Riverside: protect a critical corridor and coordinate two dependent teams with shared resource; teach or test water routes, capacity.",design_brief_only
M088,W03,Riverside,28,advanced,rising water and boat access,capacity,4,resolve simultaneous calls + resolve simultaneous calls,responder fatigue,"Riverside: resolve simultaneous calls and resolve simultaneous calls with responder fatigue; teach or test water routes, capacity.",design_brief_only
M089,W03,Riverside,29,advanced,rising water and boat access,capacity,4,evacuate civilians + stabilize and transport,delayed hazard,"Riverside: evacuate civilians and stabilize and transport with delayed hazard; teach or test water routes, capacity.",design_brief_only
M090,W03,Riverside,30,district_finale,rising water and boat access,capacity,4,stabilize and transport + contain a spreading hazard,changing wind,"Riverside: stabilize and transport and contain a spreading hazard with changing wind; teach or test water routes, capacity.",design_brief_only
M091,W04,Industrial Zone,1,introduction,power hazards and machinery,isolation,2,contain a spreading hazard,changing wind,"Industrial Zone: contain a spreading hazard with changing wind; teach or test isolation, timed hazards.",design_brief_only
M092,W04,Industrial Zone,2,introduction,power hazards and machinery,isolation,2,deliver essential supplies,limited equipment,"Industrial Zone: deliver essential supplies with limited equipment; teach or test isolation, timed hazards.",design_brief_only
M093,W04,Industrial Zone,3,introduction,power hazards and machinery,isolation,2,inspect and then respond,uncertain visibility,"Industrial Zone: inspect and then respond with uncertain visibility; teach or test isolation, timed hazards.",design_brief_only
M094,W04,Industrial Zone,4,introduction,power hazards and machinery,isolation,2,restore access to a shelter,split start positions,"Industrial Zone: restore access to a shelter with split start positions; teach or test isolation, timed hazards.",design_brief_only
M095,W04,Industrial Zone,5,practice,power hazards and machinery,isolation,2,coordinate two dependent teams,two viable routes,"Industrial Zone: coordinate two dependent teams with two viable routes; teach or test isolation, timed hazards.",design_brief_only
M096,W04,Industrial Zone,6,practice,power hazards and machinery,isolation,2,protect a critical corridor,blocked junction,"Industrial Zone: protect a critical corridor with blocked junction; teach or test isolation, timed hazards.",design_brief_only
M097,W04,Industrial Zone,7,practice,power hazards and machinery,isolation,2,resolve simultaneous calls,branching access,"Industrial Zone: resolve simultaneous calls with branching access; teach or test isolation, timed hazards.",design_brief_only
M098,W04,Industrial Zone,8,practice,power hazards and machinery,isolation,2,evacuate civilians,timed shelter capacity,"Industrial Zone: evacuate civilians with timed shelter capacity; teach or test isolation, timed hazards.",design_brief_only
M099,W04,Industrial Zone,9,practice,power hazards and machinery,isolation,2,stabilize and transport,one constrained vehicle,"Industrial Zone: stabilize and transport with one constrained vehicle; teach or test isolation, timed hazards.",design_brief_only
M100,W04,Industrial Zone,10,practice,power hazards and machinery,isolation,2,open a safe route,shared resource,"Industrial Zone: open a safe route with shared resource; teach or test isolation, timed hazards.",design_brief_only
M101,W04,Industrial Zone,11,synergy,power hazards and machinery,isolation,3,contain a spreading hazard + restore access to a shelter,responder fatigue,"Industrial Zone: contain a spreading hazard and restore access to a shelter with responder fatigue; teach or test isolation, timed hazards.",design_brief_only
M102,W04,Industrial Zone,12,synergy,power hazards and machinery,isolation,3,deliver essential supplies + protect a critical corridor,delayed hazard,"Industrial Zone: deliver essential supplies and protect a critical corridor with delayed hazard; teach or test isolation, timed hazards.",design_brief_only
M103,W04,Industrial Zone,13,synergy,power hazards and machinery,isolation,3,inspect and then respond + evacuate civilians,changing wind,"Industrial Zone: inspect and then respond and evacuate civilians with changing wind; teach or test isolation, timed hazards.",design_brief_only
M104,W04,Industrial Zone,14,synergy,power hazards and machinery,isolation,3,restore access to a shelter + open a safe route,limited equipment,"Industrial Zone: restore access to a shelter and open a safe route with limited equipment; teach or test isolation, timed hazards.",design_brief_only
M105,W04,Industrial Zone,15,synergy,power hazards and machinery,isolation,3,coordinate two dependent teams + deliver essential supplies,uncertain visibility,"Industrial Zone: coordinate two dependent teams and deliver essential supplies with uncertain visibility; teach or test isolation, timed hazards.",design_brief_only
M106,W04,Industrial Zone,16,synergy,power hazards and machinery,timed hazards,3,protect a critical corridor + restore access to a shelter,split start positions,"Industrial Zone: protect a critical corridor and restore access to a shelter with split start positions; teach or test isolation, timed hazards.",design_brief_only
M107,W04,Industrial Zone,17,synergy,power hazards and machinery,timed hazards,3,resolve simultaneous calls + protect a critical corridor,two viable routes,"Industrial Zone: resolve simultaneous calls and protect a critical corridor with two viable routes; teach or test isolation, timed hazards.",design_brief_only
M108,W04,Industrial Zone,18,synergy,power hazards and machinery,timed hazards,3,evacuate civilians + evacuate civilians,blocked junction,"Industrial Zone: evacuate civilians and evacuate civilians with blocked junction; teach or test isolation, timed hazards.",design_brief_only
M109,W04,Industrial Zone,19,synergy,power hazards and machinery,timed hazards,3,stabilize and transport + open a safe route,branching access,"Industrial Zone: stabilize and transport and open a safe route with branching access; teach or test isolation, timed hazards.",design_brief_only
M110,W04,Industrial Zone,20,synergy,power hazards and machinery,timed hazards,3,open a safe route + deliver essential supplies,timed shelter capacity,"Industrial Zone: open a safe route and deliver essential supplies with timed shelter capacity; teach or test isolation, timed hazards.",design_brief_only
M111,W04,Industrial Zone,21,advanced,power hazards and machinery,timed hazards,4,contain a spreading hazard + restore access to a shelter,one constrained vehicle,"Industrial Zone: contain a spreading hazard and restore access to a shelter with one constrained vehicle; teach or test isolation, timed hazards.",design_brief_only
M112,W04,Industrial Zone,22,advanced,power hazards and machinery,timed hazards,4,deliver essential supplies + protect a critical corridor,shared resource,"Industrial Zone: deliver essential supplies and protect a critical corridor with shared resource; teach or test isolation, timed hazards.",design_brief_only
M113,W04,Industrial Zone,23,advanced,power hazards and machinery,timed hazards,4,inspect and then respond + evacuate civilians,responder fatigue,"Industrial Zone: inspect and then respond and evacuate civilians with responder fatigue; teach or test isolation, timed hazards.",design_brief_only
M114,W04,Industrial Zone,24,advanced,power hazards and machinery,timed hazards,4,restore access to a shelter + open a safe route,delayed hazard,"Industrial Zone: restore access to a shelter and open a safe route with delayed hazard; teach or test isolation, timed hazards.",design_brief_only
M115,W04,Industrial Zone,25,advanced,power hazards and machinery,timed hazards,4,coordinate two dependent teams + deliver essential supplies,changing wind,"Industrial Zone: coordinate two dependent teams and deliver essential supplies with changing wind; teach or test isolation, timed hazards.",design_brief_only
M116,W04,Industrial Zone,26,advanced,power hazards and machinery,timed hazards,4,protect a critical corridor + restore access to a shelter,limited equipment,"Industrial Zone: protect a critical corridor and restore access to a shelter with limited equipment; teach or test isolation, timed hazards.",design_brief_only
M117,W04,Industrial Zone,27,advanced,power hazards and machinery,timed hazards,4,resolve simultaneous calls + protect a critical corridor,uncertain visibility,"Industrial Zone: resolve simultaneous calls and protect a critical corridor with uncertain visibility; teach or test isolation, timed hazards.",design_brief_only
M118,W04,Industrial Zone,28,advanced,power hazards and machinery,timed hazards,4,evacuate civilians + evacuate civilians,split start positions,"Industrial Zone: evacuate civilians and evacuate civilians with split start positions; teach or test isolation, timed hazards.",design_brief_only
M119,W04,Industrial Zone,29,advanced,power hazards and machinery,timed hazards,4,stabilize and transport + open a safe route,two viable routes,"Industrial Zone: stabilize and transport and open a safe route with two viable routes; teach or test isolation, timed hazards.",design_brief_only
M120,W04,Industrial Zone,30,district_finale,power hazards and machinery,timed hazards,4,open a safe route + deliver essential supplies,blocked junction,"Industrial Zone: open a safe route and deliver essential supplies with blocked junction; teach or test isolation, timed hazards.",design_brief_only
M121,W05,Pine Ridge,1,introduction,spreading fire and wind,containment,2,deliver essential supplies,blocked junction,"Pine Ridge: deliver essential supplies with blocked junction; teach or test containment, wind forecast.",design_brief_only
M122,W05,Pine Ridge,2,introduction,spreading fire and wind,containment,2,inspect and then respond,branching access,"Pine Ridge: inspect and then respond with branching access; teach or test containment, wind forecast.",design_brief_only
M123,W05,Pine Ridge,3,introduction,spreading fire and wind,containment,2,restore access to a shelter,timed shelter capacity,"Pine Ridge: restore access to a shelter with timed shelter capacity; teach or test containment, wind forecast.",design_brief_only
M124,W05,Pine Ridge,4,introduction,spreading fire and wind,containment,2,coordinate two dependent teams,one constrained vehicle,"Pine Ridge: coordinate two dependent teams with one constrained vehicle; teach or test containment, wind forecast.",design_brief_only
M125,W05,Pine Ridge,5,practice,spreading fire and wind,containment,2,protect a critical corridor,shared resource,"Pine Ridge: protect a critical corridor with shared resource; teach or test containment, wind forecast.",design_brief_only
M126,W05,Pine Ridge,6,practice,spreading fire and wind,containment,2,resolve simultaneous calls,responder fatigue,"Pine Ridge: resolve simultaneous calls with responder fatigue; teach or test containment, wind forecast.",design_brief_only
M127,W05,Pine Ridge,7,practice,spreading fire and wind,containment,2,evacuate civilians,delayed hazard,"Pine Ridge: evacuate civilians with delayed hazard; teach or test containment, wind forecast.",design_brief_only
M128,W05,Pine Ridge,8,practice,spreading fire and wind,containment,2,stabilize and transport,changing wind,"Pine Ridge: stabilize and transport with changing wind; teach or test containment, wind forecast.",design_brief_only
M129,W05,Pine Ridge,9,practice,spreading fire and wind,containment,2,open a safe route,limited equipment,"Pine Ridge: open a safe route with limited equipment; teach or test containment, wind forecast.",design_brief_only
M130,W05,Pine Ridge,10,practice,spreading fire and wind,containment,2,contain a spreading hazard,uncertain visibility,"Pine Ridge: contain a spreading hazard with uncertain visibility; teach or test containment, wind forecast.",design_brief_only
M131,W05,Pine Ridge,11,synergy,spreading fire and wind,containment,3,deliver essential supplies + coordinate two dependent teams,split start positions,"Pine Ridge: deliver essential supplies and coordinate two dependent teams with split start positions; teach or test containment, wind forecast.",design_brief_only
M132,W05,Pine Ridge,12,synergy,spreading fire and wind,containment,3,inspect and then respond + resolve simultaneous calls,two viable routes,"Pine Ridge: inspect and then respond and resolve simultaneous calls with two viable routes; teach or test containment, wind forecast.",design_brief_only
M133,W05,Pine Ridge,13,synergy,spreading fire and wind,containment,3,restore access to a shelter + stabilize and transport,blocked junction,"Pine Ridge: restore access to a shelter and stabilize and transport with blocked junction; teach or test containment, wind forecast.",design_brief_only
M134,W05,Pine Ridge,14,synergy,spreading fire and wind,containment,3,coordinate two dependent teams + contain a spreading hazard,branching access,"Pine Ridge: coordinate two dependent teams and contain a spreading hazard with branching access; teach or test containment, wind forecast.",design_brief_only
M135,W05,Pine Ridge,15,synergy,spreading fire and wind,containment,3,protect a critical corridor + inspect and then respond,timed shelter capacity,"Pine Ridge: protect a critical corridor and inspect and then respond with timed shelter capacity; teach or test containment, wind forecast.",design_brief_only
M136,W05,Pine Ridge,16,synergy,spreading fire and wind,wind forecast,3,resolve simultaneous calls + coordinate two dependent teams,one constrained vehicle,"Pine Ridge: resolve simultaneous calls and coordinate two dependent teams with one constrained vehicle; teach or test containment, wind forecast.",design_brief_only
M137,W05,Pine Ridge,17,synergy,spreading fire and wind,wind forecast,3,evacuate civilians + resolve simultaneous calls,shared resource,"Pine Ridge: evacuate civilians and resolve simultaneous calls with shared resource; teach or test containment, wind forecast.",design_brief_only
M138,W05,Pine Ridge,18,synergy,spreading fire and wind,wind forecast,3,stabilize and transport + stabilize and transport,responder fatigue,"Pine Ridge: stabilize and transport and stabilize and transport with responder fatigue; teach or test containment, wind forecast.",design_brief_only
M139,W05,Pine Ridge,19,synergy,spreading fire and wind,wind forecast,3,open a safe route + contain a spreading hazard,delayed hazard,"Pine Ridge: open a safe route and contain a spreading hazard with delayed hazard; teach or test containment, wind forecast.",design_brief_only
M140,W05,Pine Ridge,20,synergy,spreading fire and wind,wind forecast,3,contain a spreading hazard + inspect and then respond,changing wind,"Pine Ridge: contain a spreading hazard and inspect and then respond with changing wind; teach or test containment, wind forecast.",design_brief_only
M141,W05,Pine Ridge,21,advanced,spreading fire and wind,wind forecast,4,deliver essential supplies + coordinate two dependent teams,limited equipment,"Pine Ridge: deliver essential supplies and coordinate two dependent teams with limited equipment; teach or test containment, wind forecast.",design_brief_only
M142,W05,Pine Ridge,22,advanced,spreading fire and wind,wind forecast,4,inspect and then respond + resolve simultaneous calls,uncertain visibility,"Pine Ridge: inspect and then respond and resolve simultaneous calls with uncertain visibility; teach or test containment, wind forecast.",design_brief_only
M143,W05,Pine Ridge,23,advanced,spreading fire and wind,wind forecast,4,restore access to a shelter + stabilize and transport,split start positions,"Pine Ridge: restore access to a shelter and stabilize and transport with split start positions; teach or test containment, wind forecast.",design_brief_only
M144,W05,Pine Ridge,24,advanced,spreading fire and wind,wind forecast,4,coordinate two dependent teams + contain a spreading hazard,two viable routes,"Pine Ridge: coordinate two dependent teams and contain a spreading hazard with two viable routes; teach or test containment, wind forecast.",design_brief_only
M145,W05,Pine Ridge,25,advanced,spreading fire and wind,wind forecast,4,protect a critical corridor + inspect and then respond,blocked junction,"Pine Ridge: protect a critical corridor and inspect and then respond with blocked junction; teach or test containment, wind forecast.",design_brief_only
M146,W05,Pine Ridge,26,advanced,spreading fire and wind,wind forecast,4,resolve simultaneous calls + coordinate two dependent teams,branching access,"Pine Ridge: resolve simultaneous calls and coordinate two dependent teams with branching access; teach or test containment, wind forecast.",design_brief_only
M147,W05,Pine Ridge,27,advanced,spreading fire and wind,wind forecast,4,evacuate civilians + resolve simultaneous calls,timed shelter capacity,"Pine Ridge: evacuate civilians and resolve simultaneous calls with timed shelter capacity; teach or test containment, wind forecast.",design_brief_only
M148,W05,Pine Ridge,28,advanced,spreading fire and wind,wind forecast,4,stabilize and transport + stabilize and transport,one constrained vehicle,"Pine Ridge: stabilize and transport and stabilize and transport with one constrained vehicle; teach or test containment, wind forecast.",design_brief_only
M149,W05,Pine Ridge,29,advanced,spreading fire and wind,wind forecast,4,open a safe route + contain a spreading hazard,shared resource,"Pine Ridge: open a safe route and contain a spreading hazard with shared resource; teach or test containment, wind forecast.",design_brief_only
M150,W05,Pine Ridge,30,district_finale,spreading fire and wind,wind forecast,4,contain a spreading hazard + inspect and then respond,responder fatigue,"Pine Ridge: contain a spreading hazard and inspect and then respond with responder fatigue; teach or test containment, wind forecast.",design_brief_only
M151,W06,Hill Settlement,1,introduction,landslides and unstable paths,reconnaissance,2,inspect and then respond,responder fatigue,"Hill Settlement: inspect and then respond with responder fatigue; teach or test reconnaissance, terrain.",design_brief_only
M152,W06,Hill Settlement,2,introduction,landslides and unstable paths,reconnaissance,2,restore access to a shelter,delayed hazard,"Hill Settlement: restore access to a shelter with delayed hazard; teach or test reconnaissance, terrain.",design_brief_only
M153,W06,Hill Settlement,3,introduction,landslides and unstable paths,reconnaissance,2,coordinate two dependent teams,changing wind,"Hill Settlement: coordinate two dependent teams with changing wind; teach or test reconnaissance, terrain.",design_brief_only
M154,W06,Hill Settlement,4,introduction,landslides and unstable paths,reconnaissance,2,protect a critical corridor,limited equipment,"Hill Settlement: protect a critical corridor with limited equipment; teach or test reconnaissance, terrain.",design_brief_only
M155,W06,Hill Settlement,5,practice,landslides and unstable paths,reconnaissance,2,resolve simultaneous calls,uncertain visibility,"Hill Settlement: resolve simultaneous calls with uncertain visibility; teach or test reconnaissance, terrain.",design_brief_only
M156,W06,Hill Settlement,6,practice,landslides and unstable paths,reconnaissance,2,evacuate civilians,split start positions,"Hill Settlement: evacuate civilians with split start positions; teach or test reconnaissance, terrain.",design_brief_only
M157,W06,Hill Settlement,7,practice,landslides and unstable paths,reconnaissance,2,stabilize and transport,two viable routes,"Hill Settlement: stabilize and transport with two viable routes; teach or test reconnaissance, terrain.",design_brief_only
M158,W06,Hill Settlement,8,practice,landslides and unstable paths,reconnaissance,2,open a safe route,blocked junction,"Hill Settlement: open a safe route with blocked junction; teach or test reconnaissance, terrain.",design_brief_only
M159,W06,Hill Settlement,9,practice,landslides and unstable paths,reconnaissance,2,contain a spreading hazard,branching access,"Hill Settlement: contain a spreading hazard with branching access; teach or test reconnaissance, terrain.",design_brief_only
M160,W06,Hill Settlement,10,practice,landslides and unstable paths,reconnaissance,2,deliver essential supplies,timed shelter capacity,"Hill Settlement: deliver essential supplies with timed shelter capacity; teach or test reconnaissance, terrain.",design_brief_only
M161,W06,Hill Settlement,11,synergy,landslides and unstable paths,reconnaissance,3,inspect and then respond + protect a critical corridor,one constrained vehicle,"Hill Settlement: inspect and then respond and protect a critical corridor with one constrained vehicle; teach or test reconnaissance, terrain.",design_brief_only
M162,W06,Hill Settlement,12,synergy,landslides and unstable paths,reconnaissance,3,restore access to a shelter + evacuate civilians,shared resource,"Hill Settlement: restore access to a shelter and evacuate civilians with shared resource; teach or test reconnaissance, terrain.",design_brief_only
M163,W06,Hill Settlement,13,synergy,landslides and unstable paths,reconnaissance,3,coordinate two dependent teams + open a safe route,responder fatigue,"Hill Settlement: coordinate two dependent teams and open a safe route with responder fatigue; teach or test reconnaissance, terrain.",design_brief_only
M164,W06,Hill Settlement,14,synergy,landslides and unstable paths,reconnaissance,3,protect a critical corridor + deliver essential supplies,delayed hazard,"Hill Settlement: protect a critical corridor and deliver essential supplies with delayed hazard; teach or test reconnaissance, terrain.",design_brief_only
M165,W06,Hill Settlement,15,synergy,landslides and unstable paths,reconnaissance,3,resolve simultaneous calls + restore access to a shelter,changing wind,"Hill Settlement: resolve simultaneous calls and restore access to a shelter with changing wind; teach or test reconnaissance, terrain.",design_brief_only
M166,W06,Hill Settlement,16,synergy,landslides and unstable paths,terrain,3,evacuate civilians + protect a critical corridor,limited equipment,"Hill Settlement: evacuate civilians and protect a critical corridor with limited equipment; teach or test reconnaissance, terrain.",design_brief_only
M167,W06,Hill Settlement,17,synergy,landslides and unstable paths,terrain,3,stabilize and transport + evacuate civilians,uncertain visibility,"Hill Settlement: stabilize and transport and evacuate civilians with uncertain visibility; teach or test reconnaissance, terrain.",design_brief_only
M168,W06,Hill Settlement,18,synergy,landslides and unstable paths,terrain,3,open a safe route + open a safe route,split start positions,"Hill Settlement: open a safe route and open a safe route with split start positions; teach or test reconnaissance, terrain.",design_brief_only
M169,W06,Hill Settlement,19,synergy,landslides and unstable paths,terrain,3,contain a spreading hazard + deliver essential supplies,two viable routes,"Hill Settlement: contain a spreading hazard and deliver essential supplies with two viable routes; teach or test reconnaissance, terrain.",design_brief_only
M170,W06,Hill Settlement,20,synergy,landslides and unstable paths,terrain,3,deliver essential supplies + restore access to a shelter,blocked junction,"Hill Settlement: deliver essential supplies and restore access to a shelter with blocked junction; teach or test reconnaissance, terrain.",design_brief_only
M171,W06,Hill Settlement,21,advanced,landslides and unstable paths,terrain,4,inspect and then respond + protect a critical corridor,branching access,"Hill Settlement: inspect and then respond and protect a critical corridor with branching access; teach or test reconnaissance, terrain.",design_brief_only
M172,W06,Hill Settlement,22,advanced,landslides and unstable paths,terrain,4,restore access to a shelter + evacuate civilians,timed shelter capacity,"Hill Settlement: restore access to a shelter and evacuate civilians with timed shelter capacity; teach or test reconnaissance, terrain.",design_brief_only
M173,W06,Hill Settlement,23,advanced,landslides and unstable paths,terrain,4,coordinate two dependent teams + open a safe route,one constrained vehicle,"Hill Settlement: coordinate two dependent teams and open a safe route with one constrained vehicle; teach or test reconnaissance, terrain.",design_brief_only
M174,W06,Hill Settlement,24,advanced,landslides and unstable paths,terrain,4,protect a critical corridor + deliver essential supplies,shared resource,"Hill Settlement: protect a critical corridor and deliver essential supplies with shared resource; teach or test reconnaissance, terrain.",design_brief_only
M175,W06,Hill Settlement,25,advanced,landslides and unstable paths,terrain,4,resolve simultaneous calls + restore access to a shelter,responder fatigue,"Hill Settlement: resolve simultaneous calls and restore access to a shelter with responder fatigue; teach or test reconnaissance, terrain.",design_brief_only
M176,W06,Hill Settlement,26,advanced,landslides and unstable paths,terrain,4,evacuate civilians + protect a critical corridor,delayed hazard,"Hill Settlement: evacuate civilians and protect a critical corridor with delayed hazard; teach or test reconnaissance, terrain.",design_brief_only
M177,W06,Hill Settlement,27,advanced,landslides and unstable paths,terrain,4,stabilize and transport + evacuate civilians,changing wind,"Hill Settlement: stabilize and transport and evacuate civilians with changing wind; teach or test reconnaissance, terrain.",design_brief_only
M178,W06,Hill Settlement,28,advanced,landslides and unstable paths,terrain,4,open a safe route + open a safe route,limited equipment,"Hill Settlement: open a safe route and open a safe route with limited equipment; teach or test reconnaissance, terrain.",design_brief_only
M179,W06,Hill Settlement,29,advanced,landslides and unstable paths,terrain,4,contain a spreading hazard + deliver essential supplies,uncertain visibility,"Hill Settlement: contain a spreading hazard and deliver essential supplies with uncertain visibility; teach or test reconnaissance, terrain.",design_brief_only
M180,W06,Hill Settlement,30,district_finale,landslides and unstable paths,terrain,4,deliver essential supplies + restore access to a shelter,split start positions,"Hill Settlement: deliver essential supplies and restore access to a shelter with split start positions; teach or test reconnaissance, terrain.",design_brief_only
M181,W07,Coastal Quarter,1,introduction,storm surge and evacuation,vehicle scheduling,2,restore access to a shelter,split start positions,"Coastal Quarter: restore access to a shelter with split start positions; teach or test vehicle scheduling, shelters.",design_brief_only
M182,W07,Coastal Quarter,2,introduction,storm surge and evacuation,vehicle scheduling,2,coordinate two dependent teams,two viable routes,"Coastal Quarter: coordinate two dependent teams with two viable routes; teach or test vehicle scheduling, shelters.",design_brief_only
M183,W07,Coastal Quarter,3,introduction,storm surge and evacuation,vehicle scheduling,2,protect a critical corridor,blocked junction,"Coastal Quarter: protect a critical corridor with blocked junction; teach or test vehicle scheduling, shelters.",design_brief_only
M184,W07,Coastal Quarter,4,introduction,storm surge and evacuation,vehicle scheduling,2,resolve simultaneous calls,branching access,"Coastal Quarter: resolve simultaneous calls with branching access; teach or test vehicle scheduling, shelters.",design_brief_only
M185,W07,Coastal Quarter,5,practice,storm surge and evacuation,vehicle scheduling,2,evacuate civilians,timed shelter capacity,"Coastal Quarter: evacuate civilians with timed shelter capacity; teach or test vehicle scheduling, shelters.",design_brief_only
M186,W07,Coastal Quarter,6,practice,storm surge and evacuation,vehicle scheduling,2,stabilize and transport,one constrained vehicle,"Coastal Quarter: stabilize and transport with one constrained vehicle; teach or test vehicle scheduling, shelters.",design_brief_only
M187,W07,Coastal Quarter,7,practice,storm surge and evacuation,vehicle scheduling,2,open a safe route,shared resource,"Coastal Quarter: open a safe route with shared resource; teach or test vehicle scheduling, shelters.",design_brief_only
M188,W07,Coastal Quarter,8,practice,storm surge and evacuation,vehicle scheduling,2,contain a spreading hazard,responder fatigue,"Coastal Quarter: contain a spreading hazard with responder fatigue; teach or test vehicle scheduling, shelters.",design_brief_only
M189,W07,Coastal Quarter,9,practice,storm surge and evacuation,vehicle scheduling,2,deliver essential supplies,delayed hazard,"Coastal Quarter: deliver essential supplies with delayed hazard; teach or test vehicle scheduling, shelters.",design_brief_only
M190,W07,Coastal Quarter,10,practice,storm surge and evacuation,vehicle scheduling,2,inspect and then respond,changing wind,"Coastal Quarter: inspect and then respond with changing wind; teach or test vehicle scheduling, shelters.",design_brief_only
M191,W07,Coastal Quarter,11,synergy,storm surge and evacuation,vehicle scheduling,3,restore access to a shelter + resolve simultaneous calls,limited equipment,"Coastal Quarter: restore access to a shelter and resolve simultaneous calls with limited equipment; teach or test vehicle scheduling, shelters.",design_brief_only
M192,W07,Coastal Quarter,12,synergy,storm surge and evacuation,vehicle scheduling,3,coordinate two dependent teams + stabilize and transport,uncertain visibility,"Coastal Quarter: coordinate two dependent teams and stabilize and transport with uncertain visibility; teach or test vehicle scheduling, shelters.",design_brief_only
M193,W07,Coastal Quarter,13,synergy,storm surge and evacuation,vehicle scheduling,3,protect a critical corridor + contain a spreading hazard,split start positions,"Coastal Quarter: protect a critical corridor and contain a spreading hazard with split start positions; teach or test vehicle scheduling, shelters.",design_brief_only
M194,W07,Coastal Quarter,14,synergy,storm surge and evacuation,vehicle scheduling,3,resolve simultaneous calls + inspect and then respond,two viable routes,"Coastal Quarter: resolve simultaneous calls and inspect and then respond with two viable routes; teach or test vehicle scheduling, shelters.",design_brief_only
M195,W07,Coastal Quarter,15,synergy,storm surge and evacuation,vehicle scheduling,3,evacuate civilians + coordinate two dependent teams,blocked junction,"Coastal Quarter: evacuate civilians and coordinate two dependent teams with blocked junction; teach or test vehicle scheduling, shelters.",design_brief_only
M196,W07,Coastal Quarter,16,synergy,storm surge and evacuation,shelters,3,stabilize and transport + resolve simultaneous calls,branching access,"Coastal Quarter: stabilize and transport and resolve simultaneous calls with branching access; teach or test vehicle scheduling, shelters.",design_brief_only
M197,W07,Coastal Quarter,17,synergy,storm surge and evacuation,shelters,3,open a safe route + stabilize and transport,timed shelter capacity,"Coastal Quarter: open a safe route and stabilize and transport with timed shelter capacity; teach or test vehicle scheduling, shelters.",design_brief_only
M198,W07,Coastal Quarter,18,synergy,storm surge and evacuation,shelters,3,contain a spreading hazard + contain a spreading hazard,one constrained vehicle,"Coastal Quarter: contain a spreading hazard and contain a spreading hazard with one constrained vehicle; teach or test vehicle scheduling, shelters.",design_brief_only
M199,W07,Coastal Quarter,19,synergy,storm surge and evacuation,shelters,3,deliver essential supplies + inspect and then respond,shared resource,"Coastal Quarter: deliver essential supplies and inspect and then respond with shared resource; teach or test vehicle scheduling, shelters.",design_brief_only
M200,W07,Coastal Quarter,20,synergy,storm surge and evacuation,shelters,3,inspect and then respond + coordinate two dependent teams,responder fatigue,"Coastal Quarter: inspect and then respond and coordinate two dependent teams with responder fatigue; teach or test vehicle scheduling, shelters.",design_brief_only
M201,W07,Coastal Quarter,21,advanced,storm surge and evacuation,shelters,4,restore access to a shelter + resolve simultaneous calls,delayed hazard,"Coastal Quarter: restore access to a shelter and resolve simultaneous calls with delayed hazard; teach or test vehicle scheduling, shelters.",design_brief_only
M202,W07,Coastal Quarter,22,advanced,storm surge and evacuation,shelters,4,coordinate two dependent teams + stabilize and transport,changing wind,"Coastal Quarter: coordinate two dependent teams and stabilize and transport with changing wind; teach or test vehicle scheduling, shelters.",design_brief_only
M203,W07,Coastal Quarter,23,advanced,storm surge and evacuation,shelters,4,protect a critical corridor + contain a spreading hazard,limited equipment,"Coastal Quarter: protect a critical corridor and contain a spreading hazard with limited equipment; teach or test vehicle scheduling, shelters.",design_brief_only
M204,W07,Coastal Quarter,24,advanced,storm surge and evacuation,shelters,4,resolve simultaneous calls + inspect and then respond,uncertain visibility,"Coastal Quarter: resolve simultaneous calls and inspect and then respond with uncertain visibility; teach or test vehicle scheduling, shelters.",design_brief_only
M205,W07,Coastal Quarter,25,advanced,storm surge and evacuation,shelters,4,evacuate civilians + coordinate two dependent teams,split start positions,"Coastal Quarter: evacuate civilians and coordinate two dependent teams with split start positions; teach or test vehicle scheduling, shelters.",design_brief_only
M206,W07,Coastal Quarter,26,advanced,storm surge and evacuation,shelters,4,stabilize and transport + resolve simultaneous calls,two viable routes,"Coastal Quarter: stabilize and transport and resolve simultaneous calls with two viable routes; teach or test vehicle scheduling, shelters.",design_brief_only
M207,W07,Coastal Quarter,27,advanced,storm surge and evacuation,shelters,4,open a safe route + stabilize and transport,blocked junction,"Coastal Quarter: open a safe route and stabilize and transport with blocked junction; teach or test vehicle scheduling, shelters.",design_brief_only
M208,W07,Coastal Quarter,28,advanced,storm surge and evacuation,shelters,4,contain a spreading hazard + contain a spreading hazard,branching access,"Coastal Quarter: contain a spreading hazard and contain a spreading hazard with branching access; teach or test vehicle scheduling, shelters.",design_brief_only
M209,W07,Coastal Quarter,29,advanced,storm surge and evacuation,shelters,4,deliver essential supplies + inspect and then respond,timed shelter capacity,"Coastal Quarter: deliver essential supplies and inspect and then respond with timed shelter capacity; teach or test vehicle scheduling, shelters.",design_brief_only
M210,W07,Coastal Quarter,30,district_finale,storm surge and evacuation,shelters,4,inspect and then respond + coordinate two dependent teams,one constrained vehicle,"Coastal Quarter: inspect and then respond and coordinate two dependent teams with one constrained vehicle; teach or test vehicle scheduling, shelters.",design_brief_only
M211,W08,Transit Hub,1,introduction,crowded corridors and bottlenecks,flow management,2,coordinate two dependent teams,one constrained vehicle,"Transit Hub: coordinate two dependent teams with one constrained vehicle; teach or test flow management, sequencing.",design_brief_only
M212,W08,Transit Hub,2,introduction,crowded corridors and bottlenecks,flow management,2,protect a critical corridor,shared resource,"Transit Hub: protect a critical corridor with shared resource; teach or test flow management, sequencing.",design_brief_only
M213,W08,Transit Hub,3,introduction,crowded corridors and bottlenecks,flow management,2,resolve simultaneous calls,responder fatigue,"Transit Hub: resolve simultaneous calls with responder fatigue; teach or test flow management, sequencing.",design_brief_only
M214,W08,Transit Hub,4,introduction,crowded corridors and bottlenecks,flow management,2,evacuate civilians,delayed hazard,"Transit Hub: evacuate civilians with delayed hazard; teach or test flow management, sequencing.",design_brief_only
M215,W08,Transit Hub,5,practice,crowded corridors and bottlenecks,flow management,2,stabilize and transport,changing wind,"Transit Hub: stabilize and transport with changing wind; teach or test flow management, sequencing.",design_brief_only
M216,W08,Transit Hub,6,practice,crowded corridors and bottlenecks,flow management,2,open a safe route,limited equipment,"Transit Hub: open a safe route with limited equipment; teach or test flow management, sequencing.",design_brief_only
M217,W08,Transit Hub,7,practice,crowded corridors and bottlenecks,flow management,2,contain a spreading hazard,uncertain visibility,"Transit Hub: contain a spreading hazard with uncertain visibility; teach or test flow management, sequencing.",design_brief_only
M218,W08,Transit Hub,8,practice,crowded corridors and bottlenecks,flow management,2,deliver essential supplies,split start positions,"Transit Hub: deliver essential supplies with split start positions; teach or test flow management, sequencing.",design_brief_only
M219,W08,Transit Hub,9,practice,crowded corridors and bottlenecks,flow management,2,inspect and then respond,two viable routes,"Transit Hub: inspect and then respond with two viable routes; teach or test flow management, sequencing.",design_brief_only
M220,W08,Transit Hub,10,practice,crowded corridors and bottlenecks,flow management,2,restore access to a shelter,blocked junction,"Transit Hub: restore access to a shelter with blocked junction; teach or test flow management, sequencing.",design_brief_only
M221,W08,Transit Hub,11,synergy,crowded corridors and bottlenecks,flow management,3,coordinate two dependent teams + evacuate civilians,branching access,"Transit Hub: coordinate two dependent teams and evacuate civilians with branching access; teach or test flow management, sequencing.",design_brief_only
M222,W08,Transit Hub,12,synergy,crowded corridors and bottlenecks,flow management,3,protect a critical corridor + open a safe route,timed shelter capacity,"Transit Hub: protect a critical corridor and open a safe route with timed shelter capacity; teach or test flow management, sequencing.",design_brief_only
M223,W08,Transit Hub,13,synergy,crowded corridors and bottlenecks,flow management,3,resolve simultaneous calls + deliver essential supplies,one constrained vehicle,"Transit Hub: resolve simultaneous calls and deliver essential supplies with one constrained vehicle; teach or test flow management, sequencing.",design_brief_only
M224,W08,Transit Hub,14,synergy,crowded corridors and bottlenecks,flow management,3,evacuate civilians + restore access to a shelter,shared resource,"Transit Hub: evacuate civilians and restore access to a shelter with shared resource; teach or test flow management, sequencing.",design_brief_only
M225,W08,Transit Hub,15,synergy,crowded corridors and bottlenecks,flow management,3,stabilize and transport + protect a critical corridor,responder fatigue,"Transit Hub: stabilize and transport and protect a critical corridor with responder fatigue; teach or test flow management, sequencing.",design_brief_only
M226,W08,Transit Hub,16,synergy,crowded corridors and bottlenecks,sequencing,3,open a safe route + evacuate civilians,delayed hazard,"Transit Hub: open a safe route and evacuate civilians with delayed hazard; teach or test flow management, sequencing.",design_brief_only
M227,W08,Transit Hub,17,synergy,crowded corridors and bottlenecks,sequencing,3,contain a spreading hazard + open a safe route,changing wind,"Transit Hub: contain a spreading hazard and open a safe route with changing wind; teach or test flow management, sequencing.",design_brief_only
M228,W08,Transit Hub,18,synergy,crowded corridors and bottlenecks,sequencing,3,deliver essential supplies + deliver essential supplies,limited equipment,"Transit Hub: deliver essential supplies and deliver essential supplies with limited equipment; teach or test flow management, sequencing.",design_brief_only
M229,W08,Transit Hub,19,synergy,crowded corridors and bottlenecks,sequencing,3,inspect and then respond + restore access to a shelter,uncertain visibility,"Transit Hub: inspect and then respond and restore access to a shelter with uncertain visibility; teach or test flow management, sequencing.",design_brief_only
M230,W08,Transit Hub,20,synergy,crowded corridors and bottlenecks,sequencing,3,restore access to a shelter + protect a critical corridor,split start positions,"Transit Hub: restore access to a shelter and protect a critical corridor with split start positions; teach or test flow management, sequencing.",design_brief_only
M231,W08,Transit Hub,21,advanced,crowded corridors and bottlenecks,sequencing,4,coordinate two dependent teams + evacuate civilians,two viable routes,"Transit Hub: coordinate two dependent teams and evacuate civilians with two viable routes; teach or test flow management, sequencing.",design_brief_only
M232,W08,Transit Hub,22,advanced,crowded corridors and bottlenecks,sequencing,4,protect a critical corridor + open a safe route,blocked junction,"Transit Hub: protect a critical corridor and open a safe route with blocked junction; teach or test flow management, sequencing.",design_brief_only
M233,W08,Transit Hub,23,advanced,crowded corridors and bottlenecks,sequencing,4,resolve simultaneous calls + deliver essential supplies,branching access,"Transit Hub: resolve simultaneous calls and deliver essential supplies with branching access; teach or test flow management, sequencing.",design_brief_only
M234,W08,Transit Hub,24,advanced,crowded corridors and bottlenecks,sequencing,4,evacuate civilians + restore access to a shelter,timed shelter capacity,"Transit Hub: evacuate civilians and restore access to a shelter with timed shelter capacity; teach or test flow management, sequencing.",design_brief_only
M235,W08,Transit Hub,25,advanced,crowded corridors and bottlenecks,sequencing,4,stabilize and transport + protect a critical corridor,one constrained vehicle,"Transit Hub: stabilize and transport and protect a critical corridor with one constrained vehicle; teach or test flow management, sequencing.",design_brief_only
M236,W08,Transit Hub,26,advanced,crowded corridors and bottlenecks,sequencing,4,open a safe route + evacuate civilians,shared resource,"Transit Hub: open a safe route and evacuate civilians with shared resource; teach or test flow management, sequencing.",design_brief_only
M237,W08,Transit Hub,27,advanced,crowded corridors and bottlenecks,sequencing,4,contain a spreading hazard + open a safe route,responder fatigue,"Transit Hub: contain a spreading hazard and open a safe route with responder fatigue; teach or test flow management, sequencing.",design_brief_only
M238,W08,Transit Hub,28,advanced,crowded corridors and bottlenecks,sequencing,4,deliver essential supplies + deliver essential supplies,delayed hazard,"Transit Hub: deliver essential supplies and deliver essential supplies with delayed hazard; teach or test flow management, sequencing.",design_brief_only
M239,W08,Transit Hub,29,advanced,crowded corridors and bottlenecks,sequencing,4,inspect and then respond + restore access to a shelter,changing wind,"Transit Hub: inspect and then respond and restore access to a shelter with changing wind; teach or test flow management, sequencing.",design_brief_only
M240,W08,Transit Hub,30,district_finale,crowded corridors and bottlenecks,sequencing,4,restore access to a shelter + protect a critical corridor,limited equipment,"Transit Hub: restore access to a shelter and protect a critical corridor with limited equipment; teach or test flow management, sequencing.",design_brief_only
M241,W09,Night District,1,introduction,limited light and shifting information,observation,2,protect a critical corridor,limited equipment,"Night District: protect a critical corridor with limited equipment; teach or test observation, uncertainty.",design_brief_only
M242,W09,Night District,2,introduction,limited light and shifting information,observation,2,resolve simultaneous calls,uncertain visibility,"Night District: resolve simultaneous calls with uncertain visibility; teach or test observation, uncertainty.",design_brief_only
M243,W09,Night District,3,introduction,limited light and shifting information,observation,2,evacuate civilians,split start positions,"Night District: evacuate civilians with split start positions; teach or test observation, uncertainty.",design_brief_only
M244,W09,Night District,4,introduction,limited light and shifting information,observation,2,stabilize and transport,two viable routes,"Night District: stabilize and transport with two viable routes; teach or test observation, uncertainty.",design_brief_only
M245,W09,Night District,5,practice,limited light and shifting information,observation,2,open a safe route,blocked junction,"Night District: open a safe route with blocked junction; teach or test observation, uncertainty.",design_brief_only
M246,W09,Night District,6,practice,limited light and shifting information,observation,2,contain a spreading hazard,branching access,"Night District: contain a spreading hazard with branching access; teach or test observation, uncertainty.",design_brief_only
M247,W09,Night District,7,practice,limited light and shifting information,observation,2,deliver essential supplies,timed shelter capacity,"Night District: deliver essential supplies with timed shelter capacity; teach or test observation, uncertainty.",design_brief_only
M248,W09,Night District,8,practice,limited light and shifting information,observation,2,inspect and then respond,one constrained vehicle,"Night District: inspect and then respond with one constrained vehicle; teach or test observation, uncertainty.",design_brief_only
M249,W09,Night District,9,practice,limited light and shifting information,observation,2,restore access to a shelter,shared resource,"Night District: restore access to a shelter with shared resource; teach or test observation, uncertainty.",design_brief_only
M250,W09,Night District,10,practice,limited light and shifting information,observation,2,coordinate two dependent teams,responder fatigue,"Night District: coordinate two dependent teams with responder fatigue; teach or test observation, uncertainty.",design_brief_only
M251,W09,Night District,11,synergy,limited light and shifting information,observation,3,protect a critical corridor + stabilize and transport,delayed hazard,"Night District: protect a critical corridor and stabilize and transport with delayed hazard; teach or test observation, uncertainty.",design_brief_only
M252,W09,Night District,12,synergy,limited light and shifting information,observation,3,resolve simultaneous calls + contain a spreading hazard,changing wind,"Night District: resolve simultaneous calls and contain a spreading hazard with changing wind; teach or test observation, uncertainty.",design_brief_only
M253,W09,Night District,13,synergy,limited light and shifting information,observation,3,evacuate civilians + inspect and then respond,limited equipment,"Night District: evacuate civilians and inspect and then respond with limited equipment; teach or test observation, uncertainty.",design_brief_only
M254,W09,Night District,14,synergy,limited light and shifting information,observation,3,stabilize and transport + coordinate two dependent teams,uncertain visibility,"Night District: stabilize and transport and coordinate two dependent teams with uncertain visibility; teach or test observation, uncertainty.",design_brief_only
M255,W09,Night District,15,synergy,limited light and shifting information,observation,3,open a safe route + resolve simultaneous calls,split start positions,"Night District: open a safe route and resolve simultaneous calls with split start positions; teach or test observation, uncertainty.",design_brief_only
M256,W09,Night District,16,synergy,limited light and shifting information,uncertainty,3,contain a spreading hazard + stabilize and transport,two viable routes,"Night District: contain a spreading hazard and stabilize and transport with two viable routes; teach or test observation, uncertainty.",design_brief_only
M257,W09,Night District,17,synergy,limited light and shifting information,uncertainty,3,deliver essential supplies + contain a spreading hazard,blocked junction,"Night District: deliver essential supplies and contain a spreading hazard with blocked junction; teach or test observation, uncertainty.",design_brief_only
M258,W09,Night District,18,synergy,limited light and shifting information,uncertainty,3,inspect and then respond + inspect and then respond,branching access,"Night District: inspect and then respond and inspect and then respond with branching access; teach or test observation, uncertainty.",design_brief_only
M259,W09,Night District,19,synergy,limited light and shifting information,uncertainty,3,restore access to a shelter + coordinate two dependent teams,timed shelter capacity,"Night District: restore access to a shelter and coordinate two dependent teams with timed shelter capacity; teach or test observation, uncertainty.",design_brief_only
M260,W09,Night District,20,synergy,limited light and shifting information,uncertainty,3,coordinate two dependent teams + resolve simultaneous calls,one constrained vehicle,"Night District: coordinate two dependent teams and resolve simultaneous calls with one constrained vehicle; teach or test observation, uncertainty.",design_brief_only
M261,W09,Night District,21,advanced,limited light and shifting information,uncertainty,4,protect a critical corridor + stabilize and transport,shared resource,"Night District: protect a critical corridor and stabilize and transport with shared resource; teach or test observation, uncertainty.",design_brief_only
M262,W09,Night District,22,advanced,limited light and shifting information,uncertainty,4,resolve simultaneous calls + contain a spreading hazard,responder fatigue,"Night District: resolve simultaneous calls and contain a spreading hazard with responder fatigue; teach or test observation, uncertainty.",design_brief_only
M263,W09,Night District,23,advanced,limited light and shifting information,uncertainty,4,evacuate civilians + inspect and then respond,delayed hazard,"Night District: evacuate civilians and inspect and then respond with delayed hazard; teach or test observation, uncertainty.",design_brief_only
M264,W09,Night District,24,advanced,limited light and shifting information,uncertainty,4,stabilize and transport + coordinate two dependent teams,changing wind,"Night District: stabilize and transport and coordinate two dependent teams with changing wind; teach or test observation, uncertainty.",design_brief_only
M265,W09,Night District,25,advanced,limited light and shifting information,uncertainty,4,open a safe route + resolve simultaneous calls,limited equipment,"Night District: open a safe route and resolve simultaneous calls with limited equipment; teach or test observation, uncertainty.",design_brief_only
M266,W09,Night District,26,advanced,limited light and shifting information,uncertainty,4,contain a spreading hazard + stabilize and transport,uncertain visibility,"Night District: contain a spreading hazard and stabilize and transport with uncertain visibility; teach or test observation, uncertainty.",design_brief_only
M267,W09,Night District,27,advanced,limited light and shifting information,uncertainty,4,deliver essential supplies + contain a spreading hazard,split start positions,"Night District: deliver essential supplies and contain a spreading hazard with split start positions; teach or test observation, uncertainty.",design_brief_only
M268,W09,Night District,28,advanced,limited light and shifting information,uncertainty,4,inspect and then respond + inspect and then respond,two viable routes,"Night District: inspect and then respond and inspect and then respond with two viable routes; teach or test observation, uncertainty.",design_brief_only
M269,W09,Night District,29,advanced,limited light and shifting information,uncertainty,4,restore access to a shelter + coordinate two dependent teams,blocked junction,"Night District: restore access to a shelter and coordinate two dependent teams with blocked junction; teach or test observation, uncertainty.",design_brief_only
M270,W09,Night District,30,district_finale,limited light and shifting information,uncertainty,4,coordinate two dependent teams + resolve simultaneous calls,branching access,"Night District: coordinate two dependent teams and resolve simultaneous calls with branching access; teach or test observation, uncertainty.",design_brief_only
M271,W10,Mountain Pass,1,introduction,broken bridges and long routes,repair,2,resolve simultaneous calls,branching access,"Mountain Pass: resolve simultaneous calls with branching access; teach or test repair, supply.",design_brief_only
M272,W10,Mountain Pass,2,introduction,broken bridges and long routes,repair,2,evacuate civilians,timed shelter capacity,"Mountain Pass: evacuate civilians with timed shelter capacity; teach or test repair, supply.",design_brief_only
M273,W10,Mountain Pass,3,introduction,broken bridges and long routes,repair,2,stabilize and transport,one constrained vehicle,"Mountain Pass: stabilize and transport with one constrained vehicle; teach or test repair, supply.",design_brief_only
M274,W10,Mountain Pass,4,introduction,broken bridges and long routes,repair,2,open a safe route,shared resource,"Mountain Pass: open a safe route with shared resource; teach or test repair, supply.",design_brief_only
M275,W10,Mountain Pass,5,practice,broken bridges and long routes,repair,2,contain a spreading hazard,responder fatigue,"Mountain Pass: contain a spreading hazard with responder fatigue; teach or test repair, supply.",design_brief_only
M276,W10,Mountain Pass,6,practice,broken bridges and long routes,repair,2,deliver essential supplies,delayed hazard,"Mountain Pass: deliver essential supplies with delayed hazard; teach or test repair, supply.",design_brief_only
M277,W10,Mountain Pass,7,practice,broken bridges and long routes,repair,2,inspect and then respond,changing wind,"Mountain Pass: inspect and then respond with changing wind; teach or test repair, supply.",design_brief_only
M278,W10,Mountain Pass,8,practice,broken bridges and long routes,repair,2,restore access to a shelter,limited equipment,"Mountain Pass: restore access to a shelter with limited equipment; teach or test repair, supply.",design_brief_only
M279,W10,Mountain Pass,9,practice,broken bridges and long routes,repair,2,coordinate two dependent teams,uncertain visibility,"Mountain Pass: coordinate two dependent teams with uncertain visibility; teach or test repair, supply.",design_brief_only
M280,W10,Mountain Pass,10,practice,broken bridges and long routes,repair,2,protect a critical corridor,split start positions,"Mountain Pass: protect a critical corridor with split start positions; teach or test repair, supply.",design_brief_only
M281,W10,Mountain Pass,11,synergy,broken bridges and long routes,repair,3,resolve simultaneous calls + open a safe route,two viable routes,"Mountain Pass: resolve simultaneous calls and open a safe route with two viable routes; teach or test repair, supply.",design_brief_only
M282,W10,Mountain Pass,12,synergy,broken bridges and long routes,repair,3,evacuate civilians + deliver essential supplies,blocked junction,"Mountain Pass: evacuate civilians and deliver essential supplies with blocked junction; teach or test repair, supply.",design_brief_only
M283,W10,Mountain Pass,13,synergy,broken bridges and long routes,repair,3,stabilize and transport + restore access to a shelter,branching access,"Mountain Pass: stabilize and transport and restore access to a shelter with branching access; teach or test repair, supply.",design_brief_only
M284,W10,Mountain Pass,14,synergy,broken bridges and long routes,repair,3,open a safe route + protect a critical corridor,timed shelter capacity,"Mountain Pass: open a safe route and protect a critical corridor with timed shelter capacity; teach or test repair, supply.",design_brief_only
M285,W10,Mountain Pass,15,synergy,broken bridges and long routes,repair,3,contain a spreading hazard + evacuate civilians,one constrained vehicle,"Mountain Pass: contain a spreading hazard and evacuate civilians with one constrained vehicle; teach or test repair, supply.",design_brief_only
M286,W10,Mountain Pass,16,synergy,broken bridges and long routes,supply,3,deliver essential supplies + open a safe route,shared resource,"Mountain Pass: deliver essential supplies and open a safe route with shared resource; teach or test repair, supply.",design_brief_only
M287,W10,Mountain Pass,17,synergy,broken bridges and long routes,supply,3,inspect and then respond + deliver essential supplies,responder fatigue,"Mountain Pass: inspect and then respond and deliver essential supplies with responder fatigue; teach or test repair, supply.",design_brief_only
M288,W10,Mountain Pass,18,synergy,broken bridges and long routes,supply,3,restore access to a shelter + restore access to a shelter,delayed hazard,"Mountain Pass: restore access to a shelter and restore access to a shelter with delayed hazard; teach or test repair, supply.",design_brief_only
M289,W10,Mountain Pass,19,synergy,broken bridges and long routes,supply,3,coordinate two dependent teams + protect a critical corridor,changing wind,"Mountain Pass: coordinate two dependent teams and protect a critical corridor with changing wind; teach or test repair, supply.",design_brief_only
M290,W10,Mountain Pass,20,synergy,broken bridges and long routes,supply,3,protect a critical corridor + evacuate civilians,limited equipment,"Mountain Pass: protect a critical corridor and evacuate civilians with limited equipment; teach or test repair, supply.",design_brief_only
M291,W10,Mountain Pass,21,advanced,broken bridges and long routes,supply,4,resolve simultaneous calls + open a safe route,uncertain visibility,"Mountain Pass: resolve simultaneous calls and open a safe route with uncertain visibility; teach or test repair, supply.",design_brief_only
M292,W10,Mountain Pass,22,advanced,broken bridges and long routes,supply,4,evacuate civilians + deliver essential supplies,split start positions,"Mountain Pass: evacuate civilians and deliver essential supplies with split start positions; teach or test repair, supply.",design_brief_only
M293,W10,Mountain Pass,23,advanced,broken bridges and long routes,supply,4,stabilize and transport + restore access to a shelter,two viable routes,"Mountain Pass: stabilize and transport and restore access to a shelter with two viable routes; teach or test repair, supply.",design_brief_only
M294,W10,Mountain Pass,24,advanced,broken bridges and long routes,supply,4,open a safe route + protect a critical corridor,blocked junction,"Mountain Pass: open a safe route and protect a critical corridor with blocked junction; teach or test repair, supply.",design_brief_only
M295,W10,Mountain Pass,25,advanced,broken bridges and long routes,supply,4,contain a spreading hazard + evacuate civilians,branching access,"Mountain Pass: contain a spreading hazard and evacuate civilians with branching access; teach or test repair, supply.",design_brief_only
M296,W10,Mountain Pass,26,advanced,broken bridges and long routes,supply,4,deliver essential supplies + open a safe route,timed shelter capacity,"Mountain Pass: deliver essential supplies and open a safe route with timed shelter capacity; teach or test repair, supply.",design_brief_only
M297,W10,Mountain Pass,27,advanced,broken bridges and long routes,supply,4,inspect and then respond + deliver essential supplies,one constrained vehicle,"Mountain Pass: inspect and then respond and deliver essential supplies with one constrained vehicle; teach or test repair, supply.",design_brief_only
M298,W10,Mountain Pass,28,advanced,broken bridges and long routes,supply,4,restore access to a shelter + restore access to a shelter,shared resource,"Mountain Pass: restore access to a shelter and restore access to a shelter with shared resource; teach or test repair, supply.",design_brief_only
M299,W10,Mountain Pass,29,advanced,broken bridges and long routes,supply,4,coordinate two dependent teams + protect a critical corridor,responder fatigue,"Mountain Pass: coordinate two dependent teams and protect a critical corridor with responder fatigue; teach or test repair, supply.",design_brief_only
M300,W10,Mountain Pass,30,district_finale,broken bridges and long routes,supply,4,protect a critical corridor + evacuate civilians,delayed hazard,"Mountain Pass: protect a critical corridor and evacuate civilians with delayed hazard; teach or test repair, supply.",design_brief_only
M301,W11,Metro Core,1,introduction,multiple simultaneous calls,multi-team dependencies,2,evacuate civilians,delayed hazard,Metro Core: evacuate civilians with delayed hazard; teach or test multi-team dependencies.,design_brief_only
M302,W11,Metro Core,2,introduction,multiple simultaneous calls,multi-team dependencies,2,stabilize and transport,changing wind,Metro Core: stabilize and transport with changing wind; teach or test multi-team dependencies.,design_brief_only
M303,W11,Metro Core,3,introduction,multiple simultaneous calls,multi-team dependencies,2,open a safe route,limited equipment,Metro Core: open a safe route with limited equipment; teach or test multi-team dependencies.,design_brief_only
M304,W11,Metro Core,4,introduction,multiple simultaneous calls,multi-team dependencies,2,contain a spreading hazard,uncertain visibility,Metro Core: contain a spreading hazard with uncertain visibility; teach or test multi-team dependencies.,design_brief_only
M305,W11,Metro Core,5,practice,multiple simultaneous calls,multi-team dependencies,2,deliver essential supplies,split start positions,Metro Core: deliver essential supplies with split start positions; teach or test multi-team dependencies.,design_brief_only
M306,W11,Metro Core,6,practice,multiple simultaneous calls,multi-team dependencies,2,inspect and then respond,two viable routes,Metro Core: inspect and then respond with two viable routes; teach or test multi-team dependencies.,design_brief_only
M307,W11,Metro Core,7,practice,multiple simultaneous calls,multi-team dependencies,2,restore access to a shelter,blocked junction,Metro Core: restore access to a shelter with blocked junction; teach or test multi-team dependencies.,design_brief_only
M308,W11,Metro Core,8,practice,multiple simultaneous calls,multi-team dependencies,2,coordinate two dependent teams,branching access,Metro Core: coordinate two dependent teams with branching access; teach or test multi-team dependencies.,design_brief_only
M309,W11,Metro Core,9,practice,multiple simultaneous calls,multi-team dependencies,2,protect a critical corridor,timed shelter capacity,Metro Core: protect a critical corridor with timed shelter capacity; teach or test multi-team dependencies.,design_brief_only
M310,W11,Metro Core,10,practice,multiple simultaneous calls,multi-team dependencies,2,resolve simultaneous calls,one constrained vehicle,Metro Core: resolve simultaneous calls with one constrained vehicle; teach or test multi-team dependencies.,design_brief_only
M311,W11,Metro Core,11,synergy,multiple simultaneous calls,multi-team dependencies,3,evacuate civilians + contain a spreading hazard,shared resource,Metro Core: evacuate civilians and contain a spreading hazard with shared resource; teach or test multi-team dependencies.,design_brief_only
M312,W11,Metro Core,12,synergy,multiple simultaneous calls,multi-team dependencies,3,stabilize and transport + inspect and then respond,responder fatigue,Metro Core: stabilize and transport and inspect and then respond with responder fatigue; teach or test multi-team dependencies.,design_brief_only
M313,W11,Metro Core,13,synergy,multiple simultaneous calls,multi-team dependencies,3,open a safe route + coordinate two dependent teams,delayed hazard,Metro Core: open a safe route and coordinate two dependent teams with delayed hazard; teach or test multi-team dependencies.,design_brief_only
M314,W11,Metro Core,14,synergy,multiple simultaneous calls,multi-team dependencies,3,contain a spreading hazard + resolve simultaneous calls,changing wind,Metro Core: contain a spreading hazard and resolve simultaneous calls with changing wind; teach or test multi-team dependencies.,design_brief_only
M315,W11,Metro Core,15,synergy,multiple simultaneous calls,multi-team dependencies,3,deliver essential supplies + stabilize and transport,limited equipment,Metro Core: deliver essential supplies and stabilize and transport with limited equipment; teach or test multi-team dependencies.,design_brief_only
M316,W11,Metro Core,16,synergy,multiple simultaneous calls,multi-team dependencies,3,inspect and then respond + contain a spreading hazard,uncertain visibility,Metro Core: inspect and then respond and contain a spreading hazard with uncertain visibility; teach or test multi-team dependencies.,design_brief_only
M317,W11,Metro Core,17,synergy,multiple simultaneous calls,multi-team dependencies,3,restore access to a shelter + inspect and then respond,split start positions,Metro Core: restore access to a shelter and inspect and then respond with split start positions; teach or test multi-team dependencies.,design_brief_only
M318,W11,Metro Core,18,synergy,multiple simultaneous calls,multi-team dependencies,3,coordinate two dependent teams + coordinate two dependent teams,two viable routes,Metro Core: coordinate two dependent teams and coordinate two dependent teams with two viable routes; teach or test multi-team dependencies.,design_brief_only
M319,W11,Metro Core,19,synergy,multiple simultaneous calls,multi-team dependencies,3,protect a critical corridor + resolve simultaneous calls,blocked junction,Metro Core: protect a critical corridor and resolve simultaneous calls with blocked junction; teach or test multi-team dependencies.,design_brief_only
M320,W11,Metro Core,20,synergy,multiple simultaneous calls,multi-team dependencies,3,resolve simultaneous calls + stabilize and transport,branching access,Metro Core: resolve simultaneous calls and stabilize and transport with branching access; teach or test multi-team dependencies.,design_brief_only
M321,W11,Metro Core,21,advanced,multiple simultaneous calls,multi-team dependencies,4,evacuate civilians + contain a spreading hazard,timed shelter capacity,Metro Core: evacuate civilians and contain a spreading hazard with timed shelter capacity; teach or test multi-team dependencies.,design_brief_only
M322,W11,Metro Core,22,advanced,multiple simultaneous calls,multi-team dependencies,4,stabilize and transport + inspect and then respond,one constrained vehicle,Metro Core: stabilize and transport and inspect and then respond with one constrained vehicle; teach or test multi-team dependencies.,design_brief_only
M323,W11,Metro Core,23,advanced,multiple simultaneous calls,multi-team dependencies,4,open a safe route + coordinate two dependent teams,shared resource,Metro Core: open a safe route and coordinate two dependent teams with shared resource; teach or test multi-team dependencies.,design_brief_only
M324,W11,Metro Core,24,advanced,multiple simultaneous calls,multi-team dependencies,4,contain a spreading hazard + resolve simultaneous calls,responder fatigue,Metro Core: contain a spreading hazard and resolve simultaneous calls with responder fatigue; teach or test multi-team dependencies.,design_brief_only
M325,W11,Metro Core,25,advanced,multiple simultaneous calls,multi-team dependencies,4,deliver essential supplies + stabilize and transport,delayed hazard,Metro Core: deliver essential supplies and stabilize and transport with delayed hazard; teach or test multi-team dependencies.,design_brief_only
M326,W11,Metro Core,26,advanced,multiple simultaneous calls,multi-team dependencies,4,inspect and then respond + contain a spreading hazard,changing wind,Metro Core: inspect and then respond and contain a spreading hazard with changing wind; teach or test multi-team dependencies.,design_brief_only
M327,W11,Metro Core,27,advanced,multiple simultaneous calls,multi-team dependencies,4,restore access to a shelter + inspect and then respond,limited equipment,Metro Core: restore access to a shelter and inspect and then respond with limited equipment; teach or test multi-team dependencies.,design_brief_only
M328,W11,Metro Core,28,advanced,multiple simultaneous calls,multi-team dependencies,4,coordinate two dependent teams + coordinate two dependent teams,uncertain visibility,Metro Core: coordinate two dependent teams and coordinate two dependent teams with uncertain visibility; teach or test multi-team dependencies.,design_brief_only
M329,W11,Metro Core,29,advanced,multiple simultaneous calls,multi-team dependencies,4,protect a critical corridor + resolve simultaneous calls,split start positions,Metro Core: protect a critical corridor and resolve simultaneous calls with split start positions; teach or test multi-team dependencies.,design_brief_only
M330,W11,Metro Core,30,district_finale,multiple simultaneous calls,multi-team dependencies,4,resolve simultaneous calls + stabilize and transport,two viable routes,Metro Core: resolve simultaneous calls and stabilize and transport with two viable routes; teach or test multi-team dependencies.,design_brief_only
M331,W12,Citywide Crisis,1,introduction,all previous hazard systems,combined tactics,2,stabilize and transport,two viable routes,"Citywide Crisis: stabilize and transport with two viable routes; teach or test combined tactics, priority.",design_brief_only
M332,W12,Citywide Crisis,2,introduction,all previous hazard systems,combined tactics,2,open a safe route,blocked junction,"Citywide Crisis: open a safe route with blocked junction; teach or test combined tactics, priority.",design_brief_only
M333,W12,Citywide Crisis,3,introduction,all previous hazard systems,combined tactics,2,contain a spreading hazard,branching access,"Citywide Crisis: contain a spreading hazard with branching access; teach or test combined tactics, priority.",design_brief_only
M334,W12,Citywide Crisis,4,introduction,all previous hazard systems,combined tactics,2,deliver essential supplies,timed shelter capacity,"Citywide Crisis: deliver essential supplies with timed shelter capacity; teach or test combined tactics, priority.",design_brief_only
M335,W12,Citywide Crisis,5,practice,all previous hazard systems,combined tactics,2,inspect and then respond,one constrained vehicle,"Citywide Crisis: inspect and then respond with one constrained vehicle; teach or test combined tactics, priority.",design_brief_only
M336,W12,Citywide Crisis,6,practice,all previous hazard systems,combined tactics,2,restore access to a shelter,shared resource,"Citywide Crisis: restore access to a shelter with shared resource; teach or test combined tactics, priority.",design_brief_only
M337,W12,Citywide Crisis,7,practice,all previous hazard systems,combined tactics,2,coordinate two dependent teams,responder fatigue,"Citywide Crisis: coordinate two dependent teams with responder fatigue; teach or test combined tactics, priority.",design_brief_only
M338,W12,Citywide Crisis,8,practice,all previous hazard systems,combined tactics,2,protect a critical corridor,delayed hazard,"Citywide Crisis: protect a critical corridor with delayed hazard; teach or test combined tactics, priority.",design_brief_only
M339,W12,Citywide Crisis,9,practice,all previous hazard systems,combined tactics,2,resolve simultaneous calls,changing wind,"Citywide Crisis: resolve simultaneous calls with changing wind; teach or test combined tactics, priority.",design_brief_only
M340,W12,Citywide Crisis,10,practice,all previous hazard systems,combined tactics,2,evacuate civilians,limited equipment,"Citywide Crisis: evacuate civilians with limited equipment; teach or test combined tactics, priority.",design_brief_only
M341,W12,Citywide Crisis,11,synergy,all previous hazard systems,combined tactics,3,stabilize and transport + deliver essential supplies,uncertain visibility,"Citywide Crisis: stabilize and transport and deliver essential supplies with uncertain visibility; teach or test combined tactics, priority.",design_brief_only
M342,W12,Citywide Crisis,12,synergy,all previous hazard systems,combined tactics,3,open a safe route + restore access to a shelter,split start positions,"Citywide Crisis: open a safe route and restore access to a shelter with split start positions; teach or test combined tactics, priority.",design_brief_only
M343,W12,Citywide Crisis,13,synergy,all previous hazard systems,combined tactics,3,contain a spreading hazard + protect a critical corridor,two viable routes,"Citywide Crisis: contain a spreading hazard and protect a critical corridor with two viable routes; teach or test combined tactics, priority.",design_brief_only
M344,W12,Citywide Crisis,14,synergy,all previous hazard systems,combined tactics,3,deliver essential supplies + evacuate civilians,blocked junction,"Citywide Crisis: deliver essential supplies and evacuate civilians with blocked junction; teach or test combined tactics, priority.",design_brief_only
M345,W12,Citywide Crisis,15,synergy,all previous hazard systems,combined tactics,3,inspect and then respond + open a safe route,branching access,"Citywide Crisis: inspect and then respond and open a safe route with branching access; teach or test combined tactics, priority.",design_brief_only
M346,W12,Citywide Crisis,16,synergy,all previous hazard systems,priority,3,restore access to a shelter + deliver essential supplies,timed shelter capacity,"Citywide Crisis: restore access to a shelter and deliver essential supplies with timed shelter capacity; teach or test combined tactics, priority.",design_brief_only
M347,W12,Citywide Crisis,17,synergy,all previous hazard systems,priority,3,coordinate two dependent teams + restore access to a shelter,one constrained vehicle,"Citywide Crisis: coordinate two dependent teams and restore access to a shelter with one constrained vehicle; teach or test combined tactics, priority.",design_brief_only
M348,W12,Citywide Crisis,18,synergy,all previous hazard systems,priority,3,protect a critical corridor + protect a critical corridor,shared resource,"Citywide Crisis: protect a critical corridor and protect a critical corridor with shared resource; teach or test combined tactics, priority.",design_brief_only
M349,W12,Citywide Crisis,19,synergy,all previous hazard systems,priority,3,resolve simultaneous calls + evacuate civilians,responder fatigue,"Citywide Crisis: resolve simultaneous calls and evacuate civilians with responder fatigue; teach or test combined tactics, priority.",design_brief_only
M350,W12,Citywide Crisis,20,synergy,all previous hazard systems,priority,3,evacuate civilians + open a safe route,delayed hazard,"Citywide Crisis: evacuate civilians and open a safe route with delayed hazard; teach or test combined tactics, priority.",design_brief_only
M351,W12,Citywide Crisis,21,advanced,all previous hazard systems,priority,4,stabilize and transport + deliver essential supplies,changing wind,"Citywide Crisis: stabilize and transport and deliver essential supplies with changing wind; teach or test combined tactics, priority.",design_brief_only
M352,W12,Citywide Crisis,22,advanced,all previous hazard systems,priority,4,open a safe route + restore access to a shelter,limited equipment,"Citywide Crisis: open a safe route and restore access to a shelter with limited equipment; teach or test combined tactics, priority.",design_brief_only
M353,W12,Citywide Crisis,23,advanced,all previous hazard systems,priority,4,contain a spreading hazard + protect a critical corridor,uncertain visibility,"Citywide Crisis: contain a spreading hazard and protect a critical corridor with uncertain visibility; teach or test combined tactics, priority.",design_brief_only
M354,W12,Citywide Crisis,24,advanced,all previous hazard systems,priority,4,deliver essential supplies + evacuate civilians,split start positions,"Citywide Crisis: deliver essential supplies and evacuate civilians with split start positions; teach or test combined tactics, priority.",design_brief_only
M355,W12,Citywide Crisis,25,advanced,all previous hazard systems,priority,4,inspect and then respond + open a safe route,two viable routes,"Citywide Crisis: inspect and then respond and open a safe route with two viable routes; teach or test combined tactics, priority.",design_brief_only
M356,W12,Citywide Crisis,26,advanced,all previous hazard systems,priority,4,restore access to a shelter + deliver essential supplies,blocked junction,"Citywide Crisis: restore access to a shelter and deliver essential supplies with blocked junction; teach or test combined tactics, priority.",design_brief_only
M357,W12,Citywide Crisis,27,advanced,all previous hazard systems,priority,4,coordinate two dependent teams + restore access to a shelter,branching access,"Citywide Crisis: coordinate two dependent teams and restore access to a shelter with branching access; teach or test combined tactics, priority.",design_brief_only
M358,W12,Citywide Crisis,28,advanced,all previous hazard systems,priority,4,protect a critical corridor + protect a critical corridor,timed shelter capacity,"Citywide Crisis: protect a critical corridor and protect a critical corridor with timed shelter capacity; teach or test combined tactics, priority.",design_brief_only
M359,W12,Citywide Crisis,29,advanced,all previous hazard systems,priority,4,resolve simultaneous calls + evacuate civilians,one constrained vehicle,"Citywide Crisis: resolve simultaneous calls and evacuate civilians with one constrained vehicle; teach or test combined tactics, priority.",design_brief_only
M360,W12,Citywide Crisis,30,district_finale,all previous hazard systems,priority,4,evacuate civilians + open a safe route,shared resource,"Citywide Crisis: evacuate civilians and open a safe route with shared resource; teach or test combined tactics, priority.",design_brief_only
M361,W13,Finale,1,finale,combined citywide hazards,rapid dispatch,4,resolve linked calls across two zones,branching access,"Finale 1: linked teams, cascading access and resource choices; integrate earlier systems with an original layout.",design_brief_only
M362,W13,Finale,2,finale,combined citywide hazards,uncertain roads,4,resolve linked calls across two zones,shared resource,"Finale 2: linked teams, cascading access and resource choices; integrate earlier systems with an original layout.",design_brief_only
M363,W13,Finale,3,finale,combined citywide hazards,multi-service relay,4,resolve linked calls across two zones,changing wind,"Finale 3: linked teams, cascading access and resource choices; integrate earlier systems with an original layout.",design_brief_only
M364,W13,Finale,4,finale,combined citywide hazards,resource conflict,4,resolve linked calls across two zones,split start positions,"Finale 4: linked teams, cascading access and resource choices; integrate earlier systems with an original layout.",design_brief_only
M365,W13,Finale,5,finale,combined citywide hazards,grand response,4,resolve linked calls across two zones,branching access,"Finale 5: linked teams, cascading access and resource choices; integrate earlier systems with an original layout.",design_brief_only
